-- MySQL Script generated by MySQL Workbench
-- Thu Feb 17 11:00:58 2022
-- Model: New Model    Version: 1.0
-- MySQL Workbench Forward Engineering

SET @OLD_UNIQUE_CHECKS=@@UNIQUE_CHECKS, UNIQUE_CHECKS=0;
SET @OLD_FOREIGN_KEY_CHECKS=@@FOREIGN_KEY_CHECKS, FOREIGN_KEY_CHECKS=0;
SET @OLD_SQL_MODE=@@SQL_MODE, SQL_MODE='ONLY_FULL_GROUP_BY,STRICT_TRANS_TABLES,NO_ZERO_IN_DATE,NO_ZERO_DATE,ERROR_FOR_DIVISION_BY_ZERO,NO_ENGINE_SUBSTITUTION';

-- -----------------------------------------------------
-- Schema aeg19h
-- -----------------------------------------------------
DROP SCHEMA IF EXISTS `aeg19h` ;

-- -----------------------------------------------------
-- Schema aeg19h
-- -----------------------------------------------------
CREATE SCHEMA IF NOT EXISTS `aeg19h` DEFAULT CHARACTER SET utf8 ;
SHOW WARNINGS;
USE `aeg19h` ;

-- -----------------------------------------------------
-- Table `aeg19h`.`petstore`
-- -----------------------------------------------------
DROP TABLE IF EXISTS `aeg19h`.`petstore` ;

SHOW WARNINGS;
CREATE TABLE IF NOT EXISTS `aeg19h`.`petstore` (
  `pst_id` SMALLINT UNSIGNED NOT NULL AUTO_INCREMENT,
  `pst_name` VARCHAR(30) NOT NULL,
  `pst_street` VARCHAR(30) NOT NULL,
  `pst_city` VARCHAR(30) NOT NULL,
  `pst_state` CHAR(2) NOT NULL,
  `pst_zip` CHAR NOT NULL,
  `pst_phone` BIGINT UNSIGNED NOT NULL,
  `pst_email` VARCHAR(100) NOT NULL,
  `pst_url` VARCHAR(100) NOT NULL,
  `pst_ytd_sales` DECIMAL(10,2) NOT NULL,
  `pst_notes` VARCHAR(255) NULL,
  PRIMARY KEY (`pst_id`))
ENGINE = InnoDB;

SHOW WARNINGS;

-- -----------------------------------------------------
-- Table `aeg19h`.`customer`
-- -----------------------------------------------------
DROP TABLE IF EXISTS `aeg19h`.`customer` ;

SHOW WARNINGS;
CREATE TABLE IF NOT EXISTS `aeg19h`.`customer` (
  `cus_id` SMALLINT UNSIGNED NOT NULL AUTO_INCREMENT,
  `cus_fname` VARCHAR(15) NOT NULL,
  `cus_lname` VARCHAR(30) NOT NULL,
  `cus_street` VARCHAR(30) NOT NULL,
  `cus_city` VARCHAR(30) NOT NULL,
  `cus_state` CHAR(2) NOT NULL,
  `cus_zip` CHAR NOT NULL,
  `cus_phone` BIGINT UNSIGNED NOT NULL,
  `cus_email` VARCHAR(100) NOT NULL,
  `cus_balance` DECIMAL(8,2) NOT NULL,
  `cus_total_sales` DECIMAL(8,2) NOT NULL,
  `cus_notes` VARCHAR(255) NULL,
  PRIMARY KEY (`cus_id`))
ENGINE = InnoDB;

SHOW WARNINGS;

-- -----------------------------------------------------
-- Table `aeg19h`.`pet`
-- -----------------------------------------------------
DROP TABLE IF EXISTS `aeg19h`.`pet` ;

SHOW WARNINGS;
CREATE TABLE IF NOT EXISTS `aeg19h`.`pet` (
  `pet_id` SMALLINT UNSIGNED NOT NULL AUTO_INCREMENT,
  `pst_id` SMALLINT UNSIGNED NOT NULL,
  `cus_id` SMALLINT UNSIGNED NULL,
  `pet_type` VARCHAR(45) NOT NULL,
  `pet_sex` ENUM('m', 'f') NOT NULL,
  `pet_cost` DECIMAL(6,2) NOT NULL,
  `pet_price` DECIMAL(6,2) NOT NULL,
  `pet_age` TINYINT NOT NULL,
  `pet_color` VARCHAR(30) NOT NULL,
  `pet_sale_date` DATE NULL,
  `pet_vaccine` ENUM('y', 'n') NOT NULL,
  `pet_neuter` ENUM('y', 'n') NOT NULL,
  `pet_notes` VARCHAR(255) NULL,
  PRIMARY KEY (`pet_id`),
  INDEX `fk_pet_customer_idx` (`cus_id` ASC) VISIBLE,
  INDEX `fk_pet_petstore1_idx` (`pst_id` ASC) VISIBLE,
  CONSTRAINT `fk_pet_customer`
    FOREIGN KEY (`cus_id`)
    REFERENCES `aeg19h`.`customer` (`cus_id`)
    ON DELETE CASCADE
    ON UPDATE CASCADE,
  CONSTRAINT `fk_pet_petstore1`
    FOREIGN KEY (`pst_id`)
    REFERENCES `aeg19h`.`petstore` (`pst_id`)
    ON DELETE CASCADE
    ON UPDATE CASCADE)
ENGINE = InnoDB;

SHOW WARNINGS;

SET SQL_MODE=@OLD_SQL_MODE;
SET FOREIGN_KEY_CHECKS=@OLD_FOREIGN_KEY_CHECKS;
SET UNIQUE_CHECKS=@OLD_UNIQUE_CHECKS;

-- -----------------------------------------------------
-- Data for table `aeg19h`.`petstore`
-- -----------------------------------------------------
START TRANSACTION;
USE `aeg19h`;
INSERT INTO `aeg19h`.`petstore` (`pst_id`, `pst_name`, `pst_street`, `pst_city`, `pst_state`, `pst_zip`, `pst_phone`, `pst_email`, `pst_url`, `pst_ytd_sales`, `pst_notes`) VALUES (1, 'Paws United', '123 Central St.', 'Springfield', 'IL', 'A', 7582648164, 'pawsunited@outlook.com', 'paws.united.org', 60000, NULL);
INSERT INTO `aeg19h`.`petstore` (`pst_id`, `pst_name`, `pst_street`, `pst_city`, `pst_state`, `pst_zip`, `pst_phone`, `pst_email`, `pst_url`, `pst_ytd_sales`, `pst_notes`) VALUES (2, 'Feline Friends', '451 Poop Ln.', 'Jacksonville', 'FL', 'A', 8479572638, 'felinefriends@outlook.com', 'felinefriends.org', 35000, NULL);
INSERT INTO `aeg19h`.`petstore` (`pst_id`, `pst_name`, `pst_street`, `pst_city`, `pst_state`, `pst_zip`, `pst_phone`, `pst_email`, `pst_url`, `pst_ytd_sales`, `pst_notes`) VALUES (3, 'Claw Lovers', '911 Police Av.', 'Wichita', 'KS', 'A', 9483746572, 'clawlovers@outlook.com', 'clawlovers.org', 70000, 'against declawing');
INSERT INTO `aeg19h`.`petstore` (`pst_id`, `pst_name`, `pst_street`, `pst_city`, `pst_state`, `pst_zip`, `pst_phone`, `pst_email`, `pst_url`, `pst_ytd_sales`, `pst_notes`) VALUES (4, 'Birds birds birds!', '711 Convience Isle.', 'Bayonne', 'NJ', 'A', 9175925477, 'birds3@outlook.com', 'birdsbirdsbirds.org', 185000, 'ONLY BIRDS');
INSERT INTO `aeg19h`.`petstore` (`pst_id`, `pst_name`, `pst_street`, `pst_city`, `pst_state`, `pst_zip`, `pst_phone`, `pst_email`, `pst_url`, `pst_ytd_sales`, `pst_notes`) VALUES (5, 'Its a cat, no its a dog!', '420 Blaze St.', 'Bentonville', 'AK', 'A', 9193759274, 'itscatnodog@outlook.com', 'itsacat.noitsadog.org', 86000, NULL);
INSERT INTO `aeg19h`.`petstore` (`pst_id`, `pst_name`, `pst_street`, `pst_city`, `pst_state`, `pst_zip`, `pst_phone`, `pst_email`, `pst_url`, `pst_ytd_sales`, `pst_notes`) VALUES (6, 'Woof Central', '321 Number Ln.', 'Dallas', 'TX', 'A', 2947563854, 'woofcentral@outlook.com', 'woof.central.org', 20000, NULL);
INSERT INTO `aeg19h`.`petstore` (`pst_id`, `pst_name`, `pst_street`, `pst_city`, `pst_state`, `pst_zip`, `pst_phone`, `pst_email`, `pst_url`, `pst_ytd_sales`, `pst_notes`) VALUES (7, 'Meow Land', '823 4th St.', 'Tallahassee', 'FL', 'A', 9284483649, 'meowland@outlook.com', 'meowland.org', 45000, NULL);
INSERT INTO `aeg19h`.`petstore` (`pst_id`, `pst_name`, `pst_street`, `pst_city`, `pst_state`, `pst_zip`, `pst_phone`, `pst_email`, `pst_url`, `pst_ytd_sales`, `pst_notes`) VALUES (8, 'Cat Dog Bird and More', '392 Abalone Ln.', 'Plano', 'TX', 'A', 2493827493, 'catdogbirdnmore@outlook.com', 'cat.dog.bird.and.more.org', 120000, 'FISH TOO');
INSERT INTO `aeg19h`.`petstore` (`pst_id`, `pst_name`, `pst_street`, `pst_city`, `pst_state`, `pst_zip`, `pst_phone`, `pst_email`, `pst_url`, `pst_ytd_sales`, `pst_notes`) VALUES (9, 'Dog Friends', '564 Crest St.', 'Fresno', 'CA', 'A', 9546284857, 'dogfriends@outlook.com', 'dogfriends.org', 50000, NULL);
INSERT INTO `aeg19h`.`petstore` (`pst_id`, `pst_name`, `pst_street`, `pst_city`, `pst_state`, `pst_zip`, `pst_phone`, `pst_email`, `pst_url`, `pst_ytd_sales`, `pst_notes`) VALUES (10, 'Rawr Club', '42 World Av.', 'Oakland', 'CA', 'A', 1892847582, 'rawrclub@outlook.com', 'rawr.club', 55000, NULL);

COMMIT;


-- -----------------------------------------------------
-- Data for table `aeg19h`.`customer`
-- -----------------------------------------------------
START TRANSACTION;
USE `aeg19h`;
INSERT INTO `aeg19h`.`customer` (`cus_id`, `cus_fname`, `cus_lname`, `cus_street`, `cus_city`, `cus_state`, `cus_zip`, `cus_phone`, `cus_email`, `cus_balance`, `cus_total_sales`, `cus_notes`) VALUES (DEFAULT, 'George', 'Clooney', '432 Orange Ln.', 'Springfield', 'IL', 'A', 7548274836, 'clooney.g@gmail.com', 0.0, 25000.9, NULL);
INSERT INTO `aeg19h`.`customer` (`cus_id`, `cus_fname`, `cus_lname`, `cus_street`, `cus_city`, `cus_state`, `cus_zip`, `cus_phone`, `cus_email`, `cus_balance`, `cus_total_sales`, `cus_notes`) VALUES (DEFAULT, 'Bob', 'Marley', '283 Crest St.', 'Jacksonville', 'FL', 'A', 8372648361, 'marley.bobby@outlook.com', 42.2, 1500.5, NULL);
INSERT INTO `aeg19h`.`customer` (`cus_id`, `cus_fname`, `cus_lname`, `cus_street`, `cus_city`, `cus_state`, `cus_zip`, `cus_phone`, `cus_email`, `cus_balance`, `cus_total_sales`, `cus_notes`) VALUES (DEFAULT, 'George', 'Washington', '28 Bakers Ln.', 'Wichita', 'KS', 'A', 9287365723, 'wash.geo@gmail.com', 0.0, 150.1, NULL);
INSERT INTO `aeg19h`.`customer` (`cus_id`, `cus_fname`, `cus_lname`, `cus_street`, `cus_city`, `cus_state`, `cus_zip`, `cus_phone`, `cus_email`, `cus_balance`, `cus_total_sales`, `cus_notes`) VALUES (DEFAULT, 'Pocha', 'Queal', '82 Brown Wy.', 'Springtown', 'AK', 'A', 8273748382, 'queal24@gmail.com', 65.2, 45.2, NULL);
INSERT INTO `aeg19h`.`customer` (`cus_id`, `cus_fname`, `cus_lname`, `cus_street`, `cus_city`, `cus_state`, `cus_zip`, `cus_phone`, `cus_email`, `cus_balance`, `cus_total_sales`, `cus_notes`) VALUES (DEFAULT, 'Toberman', 'Ottoguy', '284 MLK Dr.', 'Dallas', 'TX', 'A', 5484727325, 'ottoman@aol.com', 87.0, 80.0, NULL);
INSERT INTO `aeg19h`.`customer` (`cus_id`, `cus_fname`, `cus_lname`, `cus_street`, `cus_city`, `cus_state`, `cus_zip`, `cus_phone`, `cus_email`, `cus_balance`, `cus_total_sales`, `cus_notes`) VALUES (DEFAULT, 'Topaz', 'Lazuli', '284 MLK Dr.', 'Dallas', 'TX', 'A', 2937563924, 'gemlazuli@outlook.com', 0.0, 165.6, NULL);
INSERT INTO `aeg19h`.`customer` (`cus_id`, `cus_fname`, `cus_lname`, `cus_street`, `cus_city`, `cus_state`, `cus_zip`, `cus_phone`, `cus_email`, `cus_balance`, `cus_total_sales`, `cus_notes`) VALUES (DEFAULT, 'Chris', 'Malt', '381 Chris Ln.', 'Oakland', 'CA', 'A', 4847362842, 'maltliquor@aol.com', 578.0, 230.1, NULL);
INSERT INTO `aeg19h`.`customer` (`cus_id`, `cus_fname`, `cus_lname`, `cus_street`, `cus_city`, `cus_state`, `cus_zip`, `cus_phone`, `cus_email`, `cus_balance`, `cus_total_sales`, `cus_notes`) VALUES (DEFAULT, 'Lelt', 'Brown', '284 4th St.', 'Los Angeles', 'CA', 'A', 5947362748, 'brown@gmail.com', 12.0, 675.1, NULL);
INSERT INTO `aeg19h`.`customer` (`cus_id`, `cus_fname`, `cus_lname`, `cus_street`, `cus_city`, `cus_state`, `cus_zip`, `cus_phone`, `cus_email`, `cus_balance`, `cus_total_sales`, `cus_notes`) VALUES (DEFAULT, 'Mel', 'Silva', '183 Carolina Dr.', 'Jacksonville', 'FL', 'A', 3932837582, 'mel.silva@gmail.com', 0.0, 895.0, NULL);
INSERT INTO `aeg19h`.`customer` (`cus_id`, `cus_fname`, `cus_lname`, `cus_street`, `cus_city`, `cus_state`, `cus_zip`, `cus_phone`, `cus_email`, `cus_balance`, `cus_total_sales`, `cus_notes`) VALUES (DEFAULT, 'Popot', 'Minaj', '294 Gay St.', 'Tallahassee', 'FL', 'A', 5958586062, 'popotpot@aol.com', 1.2, 300.5, NULL);

COMMIT;


-- -----------------------------------------------------
-- Data for table `aeg19h`.`pet`
-- -----------------------------------------------------
START TRANSACTION;
USE `aeg19h`;
INSERT INTO `aeg19h`.`pet` (`pet_id`, `pst_id`, `cus_id`, `pet_type`, `pet_sex`, `pet_cost`, `pet_price`, `pet_age`, `pet_color`, `pet_sale_date`, `pet_vaccine`, `pet_neuter`, `pet_notes`) VALUES (1, 3, 3, 'Orange Tabby', 'f', 30, 60, 2, 'orange/white', '2014-5-20', 'y', 'y', 'orange cat energy');
INSERT INTO `aeg19h`.`pet` (`pet_id`, `pst_id`, `cus_id`, `pet_type`, `pet_sex`, `pet_cost`, `pet_price`, `pet_age`, `pet_color`, `pet_sale_date`, `pet_vaccine`, `pet_neuter`, `pet_notes`) VALUES (2, 5, 4, 'Doberman', 'f', 100, 200, 3, 'brown', '2015-6-15', 'y', 'y', NULL);
INSERT INTO `aeg19h`.`pet` (`pet_id`, `pst_id`, `cus_id`, `pet_type`, `pet_sex`, `pet_cost`, `pet_price`, `pet_age`, `pet_color`, `pet_sale_date`, `pet_vaccine`, `pet_neuter`, `pet_notes`) VALUES (3, 6, 3, 'German Sherpard', 'm', 300, 450, 2, 'brown/black', NULL, 'y', 'n', NULL);
INSERT INTO `aeg19h`.`pet` (`pet_id`, `pst_id`, `cus_id`, `pet_type`, `pet_sex`, `pet_cost`, `pet_price`, `pet_age`, `pet_color`, `pet_sale_date`, `pet_vaccine`, `pet_neuter`, `pet_notes`) VALUES (4, 2, 3, 'Diluted Tortiseshell', 'f', 250, 450, 1, 'grey', '2011-3-5', 'y', 'y', 'cutest cat ever');
INSERT INTO `aeg19h`.`pet` (`pet_id`, `pst_id`, `cus_id`, `pet_type`, `pet_sex`, `pet_cost`, `pet_price`, `pet_age`, `pet_color`, `pet_sale_date`, `pet_vaccine`, `pet_neuter`, `pet_notes`) VALUES (5, 1, 2, 'Calico', 'm', 50, 150, 3, 'brown/black', NULL, 'y', 'n', NULL);
INSERT INTO `aeg19h`.`pet` (`pet_id`, `pst_id`, `cus_id`, `pet_type`, `pet_sex`, `pet_cost`, `pet_price`, `pet_age`, `pet_color`, `pet_sale_date`, `pet_vaccine`, `pet_neuter`, `pet_notes`) VALUES (6, 6, 2, 'Golden Retriever', 'm', 500, 700, 4, 'golden', NULL, 'y', 'y', NULL);
INSERT INTO `aeg19h`.`pet` (`pet_id`, `pst_id`, `cus_id`, `pet_type`, `pet_sex`, `pet_cost`, `pet_price`, `pet_age`, `pet_color`, `pet_sale_date`, `pet_vaccine`, `pet_neuter`, `pet_notes`) VALUES (7, 8, 2, 'Parrot', 'm', 500, 550, 3, 'red/green/orange', '2018-4-5', 'y', 'n', 'cuted dog ever');
INSERT INTO `aeg19h`.`pet` (`pet_id`, `pst_id`, `cus_id`, `pet_type`, `pet_sex`, `pet_cost`, `pet_price`, `pet_age`, `pet_color`, `pet_sale_date`, `pet_vaccine`, `pet_neuter`, `pet_notes`) VALUES (8, 10, 7, 'Shiba Inu', 'f', 1000, 2000, 2, 'beige', '2009-3-4', 'y', 'y', NULL);
INSERT INTO `aeg19h`.`pet` (`pet_id`, `pst_id`, `cus_id`, `pet_type`, `pet_sex`, `pet_cost`, `pet_price`, `pet_age`, `pet_color`, `pet_sale_date`, `pet_vaccine`, `pet_neuter`, `pet_notes`) VALUES (9, 4, 8, 'Lovebird', 'm', 200, 400, 3, 'blue', NULL, 'y', 'y', NULL);
INSERT INTO `aeg19h`.`pet` (`pet_id`, `pst_id`, `cus_id`, `pet_type`, `pet_sex`, `pet_cost`, `pet_price`, `pet_age`, `pet_color`, `pet_sale_date`, `pet_vaccine`, `pet_neuter`, `pet_notes`) VALUES (10, 5, 9, 'Bulldog', 'm', 100, 200, 5, 'brown', '2012-12-21', 'n', 'n', NULL);

COMMIT;

